{"cameraMode":{"drawMode":0,"name":"Shaded","section":"Shading Mode"},"sceneLighting":true,"audioPlay":false,"sceneViewState":{"showFog":true,"showMaterialUpdate":false,"showSkybox":true,"showFlares":true,"showImageEffects":true,"showParticleSystems":true},"in2DMode":false,"pivot":{"x":7.346592903137207,"y":1.5737380981445313,"z":5.125942230224609},"rotation":{"x":0.1930852085351944,"y":0.7678326368331909,"z":-0.2707481384277344,"w":0.5475825071334839},"size":16.252418518066408,"orthographic":false}