{"cameraMode":{"drawMode":0,"name":"Shaded","section":"Shading Mode"},"sceneLighting":false,"audioPlay":false,"sceneViewState":{"showFog":true,"showMaterialUpdate":false,"showSkybox":false,"showFlares":true,"showImageEffects":true,"showParticleSystems":true},"in2DMode":false,"pivot":{"x":-29.754846572875978,"y":1.7772915363311768,"z":33.785343170166019},"rotation":{"x":0.12247280031442642,"y":-0.6915332674980164,"z":0.12071909010410309,"w":0.7015761137008667},"size":2.8590235710144045,"orthographic":false}