{"cameraMode":{"drawMode":0,"name":"Shaded","section":"Shading Mode"},"sceneLighting":false,"audioPlay":false,"sceneViewState":{"showFog":true,"showMaterialUpdate":false,"showSkybox":false,"showFlares":true,"showImageEffects":true,"showParticleSystems":true},"in2DMode":false,"pivot":{"x":0.28597086668014529,"y":-0.040161967277526858,"z":-0.3848991394042969},"rotation":{"x":0.09656857699155808,"y":0.8945783376693726,"z":-0.23493945598602296,"w":0.36770588159561159},"size":2.384167194366455,"orthographic":false}