{"cameraMode":{"drawMode":0,"name":"Shaded","section":"Shading Mode"},"sceneLighting":true,"audioPlay":false,"sceneViewState":{"showFog":true,"showMaterialUpdate":true,"showSkybox":true,"showFlares":true,"showImageEffects":true,"showParticleSystems":true},"in2DMode":false,"pivot":{"x":-33.86143112182617,"y":2.192657470703125,"z":19.691341400146486},"rotation":{"x":-0.38768815994262698,"y":-0.33911123871803286,"z":0.155986949801445,"w":-0.8428342938423157},"size":10.503647804260254,"orthographic":false}