{"cameraMode":{"drawMode":0,"name":"Shaded","section":"Shading Mode"},"sceneLighting":false,"audioPlay":false,"sceneViewState":{"showFog":true,"showMaterialUpdate":false,"showSkybox":false,"showFlares":true,"showImageEffects":true,"showParticleSystems":true},"in2DMode":false,"pivot":{"x":1.1920928955078126e-7,"y":0.8895276188850403,"z":-0.0633414089679718},"rotation":{"x":-0.024537257850170137,"y":0.951120138168335,"z":-0.29769617319107058,"w":-0.07839323580265045},"size":4.778054714202881,"orthographic":false}