{"cameraMode":{"drawMode":0,"name":"Shaded","section":"Shading Mode"},"sceneLighting":false,"audioPlay":false,"sceneViewState":{"showFog":true,"showMaterialUpdate":false,"showSkybox":false,"showFlares":true,"showImageEffects":true,"showParticleSystems":true},"in2DMode":false,"pivot":{"x":1.9439358711242676,"y":2.193812847137451,"z":-0.17901134490966798},"rotation":{"x":0.10941369086503983,"y":0.05662118270993233,"z":-0.006242865696549416,"w":0.9923627376556397},"size":5.633452892303467,"orthographic":false}