{"cameraMode":{"drawMode":0,"name":"Shaded","section":"Shading Mode"},"sceneLighting":false,"audioPlay":false,"sceneViewState":{"showFog":true,"showMaterialUpdate":false,"showSkybox":false,"showFlares":true,"showImageEffects":true,"showParticleSystems":true},"in2DMode":false,"pivot":{"x":0.8758476972579956,"y":1.4074406623840333,"z":0.8324027061462402},"rotation":{"x":0.10941369086503983,"y":0.05662118270993233,"z":-0.006242865696549416,"w":0.9923627376556397},"size":6.8438639640808109,"orthographic":false}