{"cameraMode":{"drawMode":0,"name":"Shaded","section":"Shading Mode"},"sceneLighting":false,"audioPlay":false,"sceneViewState":{"showFog":true,"showMaterialUpdate":false,"showSkybox":false,"showFlares":true,"showImageEffects":true,"showParticleSystems":true},"in2DMode":false,"pivot":{"x":0.08170956373214722,"y":-0.04233509302139282,"z":-0.585228681564331},"rotation":{"x":0.09656857699155808,"y":0.8945783376693726,"z":-0.23493945598602296,"w":0.36770588159561159},"size":2.6841671466827394,"orthographic":false}