{"cameraMode":{"drawMode":0,"name":"Shaded","section":"Shading Mode"},"sceneLighting":false,"audioPlay":false,"sceneViewState":{"showFog":true,"showMaterialUpdate":false,"showSkybox":false,"showFlares":true,"showImageEffects":true,"showParticleSystems":true},"in2DMode":false,"pivot":{"x":0.07903337478637696,"y":1.1025733947753907,"z":0.8407343626022339},"rotation":{"x":0.15475644171237946,"y":-0.734865128993988,"z":0.1789197474718094,"w":0.6356189846992493},"size":7.004696369171143,"orthographic":false}