{"cameraMode":{"drawMode":0,"name":"Shaded","section":"Shading Mode"},"sceneLighting":false,"audioPlay":false,"sceneViewState":{"showFog":true,"showMaterialUpdate":false,"showSkybox":false,"showFlares":true,"showImageEffects":true,"showParticleSystems":true},"in2DMode":false,"pivot":{"x":-0.02322256565093994,"y":1.2155979871749879,"z":0.31771403551101687},"rotation":{"x":-0.12540774047374726,"y":0.7232325673103333,"z":-0.1363280713558197,"w":-0.6652986407279968},"size":1.7847185134887696,"orthographic":false}