{"cameraMode":{"drawMode":0,"name":"Shaded","section":"Shading Mode"},"sceneLighting":false,"audioPlay":false,"sceneViewState":{"showFog":true,"showMaterialUpdate":false,"showSkybox":false,"showFlares":true,"showImageEffects":true,"showParticleSystems":true},"in2DMode":false,"pivot":{"x":-0.33683526515960696,"y":-0.03394007682800293,"z":-0.2976278066635132},"rotation":{"x":0.09539864957332611,"y":-0.8912194967269898,"z":0.22124075889587403,"w":0.3842908442020416},"size":2.2043144702911379,"orthographic":false}