{"cameraMode":{"drawMode":0,"name":"Shaded","section":"Shading Mode"},"sceneLighting":false,"audioPlay":false,"sceneViewState":{"showFog":true,"showMaterialUpdate":false,"showSkybox":false,"showFlares":true,"showImageEffects":true,"showParticleSystems":true},"in2DMode":false,"pivot":{"x":-22.47951316833496,"y":-3.9035911560058595,"z":21.468791961669923},"rotation":{"x":0.18894758820533753,"y":-0.6506861448287964,"z":0.17193111777305604,"w":0.7150846719741821},"size":29.93924903869629,"orthographic":false}