{"cameraMode":{"drawMode":0,"name":"Shaded","section":"Shading Mode"},"sceneLighting":true,"audioPlay":false,"sceneViewState":{"showFog":true,"showMaterialUpdate":false,"showSkybox":true,"showFlares":true,"showImageEffects":true,"showParticleSystems":true},"in2DMode":false,"pivot":{"x":-11.60434341430664,"y":9.414670944213868,"z":24.198257446289064},"rotation":{"x":0.01477159932255745,"y":0.9703742265701294,"z":-0.23318850994110108,"w":0.0614716000854969},"size":43.046852111816409,"orthographic":false}