{"cameraMode":{"drawMode":0,"name":"Shaded","section":"Shading Mode"},"sceneLighting":false,"audioPlay":false,"sceneViewState":{"showFog":true,"showMaterialUpdate":false,"showSkybox":false,"showFlares":true,"showImageEffects":true,"showParticleSystems":true},"in2DMode":false,"pivot":{"x":0.43780088424682619,"y":0.019765496253967286,"z":0.851341724395752},"rotation":{"x":0.19014972448349,"y":0.3588245213031769,"z":-0.0749167948961258,"w":0.910755455493927},"size":4.252833366394043,"orthographic":false}