{"cameraMode":{"drawMode":0,"name":"Shaded","section":"Shading Mode"},"sceneLighting":false,"audioPlay":false,"sceneViewState":{"showFog":true,"showMaterialUpdate":false,"showSkybox":false,"showFlares":true,"showImageEffects":true,"showParticleSystems":true},"in2DMode":false,"pivot":{"x":2.384185791015625e-7,"y":0.8781428337097168,"z":0.0},"rotation":{"x":-0.023058215156197549,"y":-0.9687052369117737,"z":0.2266382873058319,"w":-0.09855778515338898},"size":5.557318687438965,"orthographic":false}