{"cameraMode":{"drawMode":0,"name":"Shaded","section":"Shading Mode"},"sceneLighting":false,"audioPlay":false,"sceneViewState":{"showFog":true,"showMaterialUpdate":false,"showSkybox":false,"showFlares":true,"showImageEffects":true,"showParticleSystems":true},"in2DMode":false,"pivot":{"x":0.07421527802944184,"y":0.030054587870836259,"z":0.0026279091835021974},"rotation":{"x":-0.031876418739557269,"y":0.7674109935760498,"z":-0.03826841711997986,"w":-0.6392181515693665},"size":2.788031816482544,"orthographic":false}