{"cameraMode":{"drawMode":0,"name":"Shaded","section":"Shading Mode"},"sceneLighting":false,"audioPlay":false,"sceneViewState":{"showFog":true,"showMaterialUpdate":true,"showSkybox":false,"showFlares":true,"showImageEffects":true,"showParticleSystems":true},"in2DMode":false,"pivot":{"x":-0.2034461498260498,"y":0.9311456680297852,"z":-0.24421799182891847},"rotation":{"x":0.06393036991357804,"y":-0.9245253801345825,"z":0.17888276278972627,"w":0.3304038643836975},"size":2.684718132019043,"orthographic":false}