{"cameraMode":{"drawMode":0,"name":"Shaded","section":"Shading Mode"},"sceneLighting":true,"audioPlay":false,"sceneViewState":{"showFog":true,"showMaterialUpdate":true,"showSkybox":true,"showFlares":true,"showImageEffects":true,"showParticleSystems":true},"in2DMode":false,"pivot":{"x":-5.340753078460693,"y":-30.755844116210939,"z":-27.85875701904297},"rotation":{"x":0.0031710483599454166,"y":0.9500854015350342,"z":-0.31182387471199038,"w":0.00967067014425993},"size":112.6391372680664,"orthographic":false}