{"cameraMode":{"drawMode":0,"name":"Shaded","section":"Shading Mode"},"sceneLighting":false,"audioPlay":false,"sceneViewState":{"showFog":true,"showMaterialUpdate":false,"showSkybox":false,"showFlares":true,"showImageEffects":true,"showParticleSystems":true},"in2DMode":false,"pivot":{"x":0.0022094547748565675,"y":0.17544186115264893,"z":-0.5590486526489258},"rotation":{"x":-0.013162843883037568,"y":-0.9789802432060242,"z":0.19216501712799073,"w":-0.0670594871044159},"size":2.5578837394714357,"orthographic":false}