{"cameraMode":{"drawMode":0,"name":"Shaded","section":"Shading Mode"},"sceneLighting":false,"audioPlay":false,"sceneViewState":{"showFog":true,"showMaterialUpdate":false,"showSkybox":false,"showFlares":true,"showImageEffects":true,"showParticleSystems":true},"in2DMode":false,"pivot":{"x":-3.499998092651367,"y":0.800000011920929,"z":-15.999998092651368},"rotation":{"x":0.04370754957199097,"y":-0.9504327178001404,"z":0.26491111516952517,"w":0.15681040287017823},"size":136.53160095214845,"orthographic":false}