{"cameraMode":{"drawMode":0,"name":"Shaded","section":"Shading Mode"},"sceneLighting":false,"audioPlay":false,"sceneViewState":{"showFog":true,"showMaterialUpdate":true,"showSkybox":false,"showFlares":true,"showImageEffects":true,"showParticleSystems":true},"in2DMode":false,"pivot":{"x":-3.4556941986083986,"y":0.47172749042510989,"z":-2.2890963554382326},"rotation":{"x":0.043888263404369357,"y":-0.895962655544281,"z":0.09091431647539139,"w":0.4325036108493805},"size":5.652214050292969,"orthographic":false}