{"cameraMode":{"drawMode":0,"name":"Shaded","section":"Shading Mode"},"sceneLighting":false,"audioPlay":false,"sceneViewState":{"showFog":true,"showMaterialUpdate":false,"showSkybox":false,"showFlares":true,"showImageEffects":true,"showParticleSystems":true},"in2DMode":false,"pivot":{"x":0.28597086668014529,"y":-0.040161967277526858,"z":-0.3848991394042969},"rotation":{"x":0.022895198315382005,"y":-0.956000566482544,"z":0.2819821834564209,"w":0.07762026786804199},"size":2.384167194366455,"orthographic":false}