{"cameraMode":{"drawMode":0,"name":"Shaded","section":"Shading Mode"},"sceneLighting":false,"audioPlay":false,"sceneViewState":{"showFog":true,"showMaterialUpdate":false,"showSkybox":false,"showFlares":true,"showImageEffects":true,"showParticleSystems":true},"in2DMode":false,"pivot":{"x":-5.243385314941406,"y":11.66195297241211,"z":-20.14569091796875},"rotation":{"x":-0.030155405402183534,"y":0.9692700505256653,"z":-0.18875107169151307,"w":-0.1548527479171753},"size":113.19428253173828,"orthographic":false}