{"cameraMode":{"drawMode":0,"name":"Shaded","section":"Shading Mode"},"sceneLighting":false,"audioPlay":false,"sceneViewState":{"showFog":true,"showMaterialUpdate":false,"showSkybox":false,"showFlares":true,"showImageEffects":true,"showParticleSystems":true},"in2DMode":false,"pivot":{"x":-0.12415215373039246,"y":1.3546911478042603,"z":-0.25395849347114565},"rotation":{"x":-0.20978286862373353,"y":-0.0647817924618721,"z":0.013931742869317532,"w":-0.9755001068115234},"size":5.986130714416504,"orthographic":false}