{"cameraMode":{"drawMode":0,"name":"Shaded","section":"Shading Mode"},"sceneLighting":false,"audioPlay":false,"sceneViewState":{"showFog":true,"showMaterialUpdate":false,"showSkybox":false,"showFlares":true,"showImageEffects":true,"showParticleSystems":true},"in2DMode":false,"pivot":{"x":16.73918914794922,"y":-1.1862163543701172,"z":-8.439504623413086},"rotation":{"x":0.06135955825448036,"y":-0.9284644722938538,"z":0.17791424691677094,"w":0.3202113211154938},"size":25.295307159423829,"orthographic":false}