{"cameraMode":{"drawMode":0,"name":"Shaded","section":"Shading Mode"},"sceneLighting":false,"audioPlay":false,"sceneViewState":{"showFog":true,"showMaterialUpdate":false,"showSkybox":false,"showFlares":true,"showImageEffects":true,"showParticleSystems":true},"in2DMode":false,"pivot":{"x":1.4659337997436524,"y":-0.34289026260375979,"z":0.38398027420043948},"rotation":{"x":0.19074851274490357,"y":0.45891115069389346,"z":-0.10157459229230881,"w":0.8617993593215942},"size":5.280054092407227,"orthographic":false}