{"cameraMode":{"drawMode":0,"name":"Shaded","section":"Shading Mode"},"sceneLighting":false,"audioPlay":false,"sceneViewState":{"showFog":true,"showMaterialUpdate":false,"showSkybox":false,"showFlares":true,"showImageEffects":true,"showParticleSystems":true},"in2DMode":false,"pivot":{"x":0.40813225507736208,"y":0.5851120352745056,"z":0.10192185640335083},"rotation":{"x":0.11762524396181107,"y":-0.8507206439971924,"z":0.21525588631629945,"w":0.46486955881118777},"size":3.7406516075134279,"orthographic":false}