{"cameraMode":{"drawMode":0,"name":"Shaded","section":"Shading Mode"},"sceneLighting":true,"audioPlay":false,"sceneViewState":{"showFog":true,"showMaterialUpdate":false,"showSkybox":false,"showFlares":true,"showImageEffects":true,"showParticleSystems":true},"in2DMode":false,"pivot":{"x":268.0671691894531,"y":288.0,"z":17.204999923706056},"rotation":{"x":0.045735303312540057,"y":0.9440800547599793,"z":-0.29082363843917849,"w":0.14846831560134889},"size":1363.887451171875,"orthographic":false}