{"cameraMode":{"drawMode":0,"name":"Shaded","section":"Shading Mode"},"sceneLighting":false,"audioPlay":false,"sceneViewState":{"showFog":true,"showMaterialUpdate":false,"showSkybox":false,"showFlares":true,"showImageEffects":true,"showParticleSystems":true},"in2DMode":false,"pivot":{"x":0.03949475288391113,"y":1.3102097511291505,"z":0.05196726322174072},"rotation":{"x":0.010281943716108799,"y":0.9546601176261902,"z":-0.29566216468811037,"w":0.0332011803984642},"size":6.547327518463135,"orthographic":false}